<?xml version="1.0" encoding="UTF-8"?>
<project-private xmlns="http://www.netbeans.org/ns/project-private/1">
    <editor-bookmarks xmlns="http://www.netbeans.org/ns/editor-bookmarks/1"/>
    <open-files xmlns="http://www.netbeans.org/ns/projectui-open-files/1">
        <file>file:/bcit/winter2013/comp4711/solutions/4711labs/application/controllers/lab06.php</file>
        <file>file:/bcit/winter2013/comp4711/solutions/4711labs/application/controllers/lab07.php</file>
        <file>file:/bcit/winter2013/comp4711/solutions/4711labs/application/controllers/lab05.php</file>
    </open-files>
</project-private>
