<?xml version="1.0" encoding="UTF-8"?>
<!--
	COMP 4711, Fall 2014, Lab 5
	BC Ferries, Southern Gulf Islands Route

	Created by: Jay Huang, Daniel Engelhard
-->

<!DOCTYPE schedule SYSTEM 'ferryschedule.dtd'>

<schedule>
	<route>Southern Gulf Islands to Mainland</route>
	<effective-date>September 2 - October 16, 2014</effective-date>

	<!-- Define the ports on this route -->
	<ports>
		<port code="LH">Long Harbour (Salt Spring)</port>
		<port code="SB">Sturdies Bay (Galiano)</port>
		<port code="OB">Otter Bay (Pender)</port>
		<port code="VB">Village Bay (Mayne)</port>
		<port code="TS">Tsawwassen (Mainland)</port>
		<port code="FH">Fulford Harbor (Salt Spring)</port>
	</ports>

	<!-- Define the days of the week we want to use -->
	<days>
		<day code="M">Monday</day>
		<day code="T">Tuesday</day>
		<day code="W">Wednesday</day>
		<day code="R">Thursday</day>
		<day code="F">Friday</day>
		<day code="S">Saturday</day>
		<day code="U">Sunday</day>
	</days>

	<!-- Here are the morning eastbound sailings -->
	<sailing origin="LH" destination="TS" days="MTWRF" depart="0615" arrive="0920">
		<stop port="OB" arrive="0655" depart="0705" />
		<stop port="VB" arrive="0730" depart="0745" />
		<stop port="SB" arrive="0815" depart="0825" />
	</sailing>
	<sailing origin="LH" destination="TS" days="S" depart="0630" arrive="0755"></sailing>
	<sailing origin="LH" destination="TS" days="U" depart="0715" arrive="1020">
		<stop port="OB" arrive="0755" depart="0805" />
		<stop port="VB" arrive="0830" depart="0840" />
		<stop port="SB" arrive="0915" depart="0925" />
	</sailing>

	<!-- Here are the afternoon/evening eastbound sailings -->
	<sailing origin="LH" destination="TS" days="F" depart="1405" arrive="1525"></sailing>
	<sailing origin="LH" destination="TS" days="MTWR" depart="1515" arrive="1835">
		<stop port="OB" arrive="1555" depart="1605" />
		<stop port="VB" arrive="1630" depart="1655" />
		<stop port="SB" arrive="1725" depart="1735" />
	</sailing>
	<sailing origin="LH" destination="TS" days="U" depart="1530" arrive="1800">
		<stop port="VB" arrive="1605" depart="1000" />
		<stop port="SB" arrive="1025" depart="1705" />
	</sailing>
	<sailing origin="LH" destination="TS" days="S" depart="1535" arrive="1835">
		<stop port="OB" arrive="1615" depart="1925" />
		<stop port="VB" arrive="1950" depart="1000" />
		<stop port="SB" arrive="1030" depart="1740" />
	</sailing>
	<sailing origin="LH" destination="TS" days="F" depart="1635" arrive="1735"></sailing>

	<!-- Here are the morning westbound sailings -->
	<sailing origin="TS" destination="LH" days="U" depart="1010" arrive="1310">
		<stop port="OB" arrive="0755" depart="0805" />
		<stop port="VB" arrive="0830" depart="0840" />
		<stop port="SB" arrive="0915" depart="0925" />
	</sailing>
	<sailing origin="TS" destination="LH" days="U" depart="1110" arrive="1410">
		<stop port="OB" arrive="0755" depart="0805" />
		<stop port="VB" arrive="0830" depart="0840" />
		<stop port="SB" arrive="0915" depart="0925" />
	</sailing>

	<!-- Here are the afternoon/evening westbound sailings -->
	<!-- In accordance to #7 of the lab, added a stop at Fulford Harbour, assuming there is a 10 minute gap between arrival and departure, and it takes 20 mins from the previous destination to Fulford, then 20 mins from Fulford to the next destination. -->
	<sailing origin="TS" destination="LH" days="MTWR" depart="1920" arrive="2230">
		<stop port="SB" arrive="2015" depart="2025" />
		<stop port="VB" arrive="2055" depart="2105" />
		<stop port="OB" arrive="2130" depart="2140" />
		<stop port="FH" arrive="2200" depart="2210" />
	</sailing>
	<sailing origin="TS" destination="LH" days="F" depart="1940" arrive="2230">
		<stop port="SB" arrive="2025" depart="2045" />
		<stop port="OB" arrive="2130" depart="2140" />
		<stop port="FH" arrive="2200" depart="2210" />
	</sailing>
	<sailing origin="TS" destination="LH" days="S" depart="1215" arrive="1410">
		<stop port="FH" arrive="1340" depart="1350" />
	</sailing>
	<sailing origin="TS" destination="LH" days="S" depart="2045" arrive="2300">
		<stop port="SB" arrive="2140" depart="2150" />
		<stop port="VB" arrive="2215" depart="2220" />
		<stop port="FH" arrive="2240" depart="2250" />
	</sailing>
	<sailing origin="TS" destination="LH" days="U" depart="2135" arrive="2330">
		<stop port="FH" arrive="2300" depart="2310" />
	</sailing>
</schedule>