<?xml version="1.0" encoding="UTF-8"?>
<!--
    tourism05.xml
    Comp4711 Fall 2012, Lab 4 solution.
    This XML document is bound to our DTD constraining file.
-->
<tourism name="Tourism expenditures" 
         xmlns:xsi="http://www.w3.org/2001/XMLSchema-instance"
         xsi:noNamespaceSchemaLocation="tourism.xsd">
    <area name="Tourism commodities">
        <group name="Transportation">
            <item name="Passenger air transport">
                <cell year="2011" quarter="1">4101</cell>
                <cell year="2011" quarter="2">4099</cell>
                <cell year="2011" quarter="3">4123</cell>
                <cell year="2011" quarter="4">4218</cell>
                <cell year="2012" quarter="1">4318</cell>
            </item>
            <item name="Passenger rail transport">
                <cell year="2011" quarter="1">61</cell>
                <cell year="2011" quarter="2">60</cell>
                <cell year="2011" quarter="3">60</cell>
                <cell year="2011" quarter="4">60</cell>
                <cell year="2012" quarter="1">58</cell>
            </item>
            <item name="Interurban bus transport">
                <cell year="2011" quarter="1">214</cell>
                <cell year="2011" quarter="2">216</cell>
                <cell year="2011" quarter="3">217</cell>
                <cell year="2011" quarter="4">216</cell>
                <cell year="2012" quarter="1">217</cell>
            </item>
            <item name="Vehicle rental">
                <cell year="2011" quarter="1">367</cell>
                <cell year="2011" quarter="2">375</cell>
                <cell year="2011" quarter="3">381</cell>
                <cell year="2011" quarter="4">386</cell>
                <cell year="2012" quarter="1">390</cell>
            </item>
            <item name="Vehicle repairs and parts">
                <cell year="2011" quarter="1">272</cell>
                <cell year="2011" quarter="2">279</cell>
                <cell year="2011" quarter="3">281</cell>
                <cell year="2011" quarter="4">286</cell>
                <cell year="2012" quarter="1">285</cell>
            </item>
            <item name="Vehicle fuel">
                <cell year="2011" quarter="1">1390</cell>
                <cell year="2011" quarter="2">1382</cell>
                <cell year="2011" quarter="3">1416</cell>
                <cell year="2011" quarter="4">1418</cell>
                <cell year="2012" quarter="1">1390</cell>
            </item>
            <item name="Other transportation">
                <cell year="2011" quarter="1">130</cell>
                <cell year="2011" quarter="2">132</cell>
                <cell year="2011" quarter="3">131</cell>
                <cell year="2011" quarter="4">133</cell>
                <cell year="2012" quarter="1">133</cell>
            </item>
        </group>
        <group name="Accommodation">
            <cell year="2011" quarter="1">2400</cell>
            <cell year="2011" quarter="2">2422</cell>
            <cell year="2011" quarter="3">2428</cell>
            <cell year="2011" quarter="4">2440</cell>
            <cell year="2012" quarter="1">2474</cell>
        </group>
        <group name="Food and beverage services">
            <cell year="2011" quarter="1">2245</cell>
            <cell year="2011" quarter="2">2272</cell>
            <cell year="2011" quarter="3">2273</cell>
            <cell year="2011" quarter="4">2289</cell>
            <cell year="2012" quarter="1">2288</cell>
        </group>
        <group name="Other tourism commodities">
            <item name="Recreation and entertainment">
                <cell year="2011" quarter="1">1040</cell>
                <cell year="2011" quarter="2">1018</cell>
                <cell year="2011" quarter="3">1022</cell>
                <cell year="2011" quarter="4">1049</cell>
                <cell year="2012" quarter="1">1049</cell>
            </item>
            <item name="Travel agency services">
                <cell year="2011" quarter="1">724</cell>
                <cell year="2011" quarter="2">739</cell>
                <cell year="2011" quarter="3">738</cell>
                <cell year="2011" quarter="4">734</cell>
                <cell year="2012" quarter="1">739</cell>
            </item>
            <item name="Pre-trip expenditures">
                <cell year="2011" quarter="1">687</cell>
                <cell year="2011" quarter="2">699</cell>
                <cell year="2011" quarter="3">712</cell>
                <cell year="2011" quarter="4">718</cell>
                <cell year="2012" quarter="1">737</cell>
            </item>
            <item name="Convention fees">
                <cell year="2011" quarter="1">52</cell>
                <cell year="2011" quarter="2">53</cell>
                <cell year="2011" quarter="3">53</cell>
                <cell year="2011" quarter="4">53</cell>
                <cell year="2012" quarter="1">53</cell>
            </item>
        </group>
    </area>
    <area name="Other commodities">
        <cell year="2011" quarter="1">2899</cell>
        <cell year="2011" quarter="2">2905</cell>
        <cell year="2011" quarter="3">2919</cell>
        <cell year="2011" quarter="4">2946</cell>
        <cell year="2012" quarter="1">2960</cell>
    </area>
</tourism>
