<?xml version="1.0" encoding="UTF-8"?>
<!--
COMP 4711, Fall 2014, Lab 6
Team: Vietnam
Team member: Danny Lieu, Thanh Lai
BC Ferries, Fall 2014, Southern Gulf Island route
-->

<!DOCTYPE schedule SYSTEM 'ferryschedule.dtd'>
<schedule>
    <route>Southern Gulf Islands to Mainland</route>
    <effective-date>September 2 - October 16, 2014</effective-date>
    
    <!-- Define the ports on this route -->
    <ports>
        <port code="TS">Tsawwassen (Mainland)</port>
        <port code="VB">Village Bay (Mayne)</port>
        <port code="OB">Otter Bay (Pender)</port>
        <port code="SB">Sturdies Bay (Galiano)</port>
        <port code="LH">Long Harbour (Salt Spring)</port>
        <port code="FH">Fulford Harbour (Salt Spring)</port>
    </ports>

    <!-- Define the days of the week we want to use -->
    <days>
        <day code="M">Monday</day>
        <day code="T">Tuesday</day>
        <day code="W">Wednesday</day>
        <day code="R">Thursday</day>
        <day code="F">Friday</day>
        <day code="S">Saturday</day>
        <day code="U">Sunday</day>
    </days> 
    
    <!-- Here are the morning eastbound sailing -->
    <sailing origin="LH" destination="TS" days="MTWRF" depart="0615" arrive="0920">
        <stop port="OB" arrive="0655" depart="0705"/>
        <stop port="VB" arrive="0730" depart="0745"/>
        <stop port="SB" arrive="0815" depart="0825"/>
    </sailing>
    <sailing origin="LH" destination="TS" days="S" depart="0630" arrive="0755"></sailing>
    <sailing origin="LH" destination="TS" days="U" depart="0715" arrive="1020">
        <stop port="OB" arrive="0755" depart="0805"/>
        <stop port="VB" arrive="0830" depart="0840"/>
        <stop port="SB" arrive="0915" depart="0925"/>
    </sailing>  
    
    <!-- Here are the afternoon/evening eastbound saling -->  
    <sailing origin="LH" destination="TS" days="F" depart="1405" arrive="1525"></sailing>
    <sailing origin="LH" destination="TS" days="MTWR" depart="1515" arrive="1835">
        <stop port="OB" arrive="1555" depart="1605"/>
        <stop port="VB" arrive="1630" depart="1655"/>
        <stop port="SB" arrive="1725" depart="1735"/>
    </sailing>
    <sailing origin="LH" destination="TS" days="U" depart="1530" arrive="1800">
        <stop port="VB" arrive="1605" depart="1620"/>
        <stop port="SB" arrive="1650" depart="1705"/>
    </sailing>
    <sailing origin="LH" destination="TS" days="S" depart="1535" arrive="1835">
        <stop port="OB" arrive="1615" depart="1625"/>
        <stop port="VB" arrive="1650" depart="1705"/>
        <stop port="SB" arrive="1730" depart="1740"/>
    </sailing>    
    
    <!-- Add a stop at Fulford Harbours on each sailing of westbound sailing -->
    <!-- Here are the morning westbound sailings -->
    <sailing origin="TS" destination="LH" days="MTWRF" depart="1010" arrive="1330" >
        <stop port="SB" arrive="1105" depart="1115"/>
        <stop port="VB" arrive="1145" depart="1155" />
        <stop port="OB" arrive="1220" depart="1230" />
        <stop port="FH" arrive="1300" depart="1310" />
    </sailing>
    <sailing origin="TS" destination="LH" days="U" depart="1110" arrive="1430">
        <stop port="SB" arrive="1205" depart="1215" />
        <stop port="VB" arrive="1245" depart="1255" />
        <stop port="OB" arrive="1320" depart="1330" />
        <stop port="FH" arrive="1400" depart="1410"/>
    </sailing>
    
    <!-- Here are the afternoon/evening westbound sailings -->
    <sailing origin="TS" destination="LH" days="S" depart="1215" arrive="1400">
        <stop port="FH" arrive="1330" depart="1340" />
    </sailing>
    <sailing origin="TS" destination="LH" days="MTWR" depart="1920" arrive="2240">
        <stop port="SB" arrive="2015" depart="2025" />
        <stop port="VB" arrive="2055" depart="2105" />
        <stop port="OB" arrive="2130" depart="2140" />
        <stop port="FH" arrive="2210" depart="2220" />
    </sailing>
    <sailing origin="TS" destination="LH" days="F" depart="1940" arrive="2240">
        <stop port="SB" arrive="2035" depart="2045" />
        <stop port="OB" arrive="2130" depart="2140" />
        <stop port="FH" arrive="2210" depart="2220" />
    </sailing>
    <sailing origin="TS" destination="LH" days="S" depart="2045" arrive="2320">
        <stop port="SB" arrive="2140" depart="2150" />
        <stop port="VB" arrive="2215" depart="2220" />
        <stop port="FH" arrive="2250" depart="2300" />
     </sailing>
    <sailing origin="TS" destination="LH" days="U" depart="2135" arrive="2320">
        <stop port="FH" arrive="2250" depart="2300" />
    </sailing>
    
</schedule>